Year,Division,Number_of_Hospitals,Number_of_Beds,Crude_Birth_Rate,GDP_per_Capita_USD,Dengue_Cases,Beds_per_1000_Pop,Hospitals_per_100k_Pop,Avg_Beds_per_Hospital,Bed_Occupancy_Rate_Pct,Urban_Population_Pct,Area_km2,Population_Share_Pct,Tertiary_Hospitals,District_Hospitals,Upazila_Health_Complexes,Private_Clinics,Specialized_Hospitals,NGO_Facilities,Community_Health_Clinics,Diagnostic_Centers,Dengue_Rate_per_100k,Dengue_Category,Dengue_Waste_Adjustment,Birth_Rate_Category,GDP_Category,GDP_Growth_Pct,Waste_Mgmt_Coverage_Pct,Proper_Segregation_Pct,Facilities_with_Incinerator,Facilities_with_Autoclave,General_Waste_kg_day,Infectious_Waste_kg_day,Sharps_Waste_kg_day,Pharmaceutical_Waste_kg_day,Chemical_Waste_kg_day,Cytotoxic_Waste_kg_day,Pathological_Waste_kg_day,Radioactive_Waste_kg_day,Total_Hazardous_Waste_kg_day,Total_Medical_Waste_kg_day,Waste_per_Bed_kg_day,Hazardous_Waste_Pct,Waste_log,Dengue_Cases_lag1,Waste_lag1,Dengue_roll3,Waste_roll3
2002,Barisal,108.0,4216.0,25.08,446.2,160.0,496.0,127.06,39.0,88.4,12.5,13644.0,5.0,9.0,19.0,21.0,31.0,7.0,7.0,6.0,5.0,1.88,Low,1.0816,High,Low Income,1.41,32.3,44.4,9.0,6.0,7127.78,2313.02,210.23,94.96,123.7,52.93,220.68,5.317,3020.84,10148.62,2.4072,29.77,9.225191545345453,53.0,6311.19,110.66666666666667,7803.553333333333
2003,Barisal,116.0,4552.0,24.06,492.6,66.0,535.529,136.47,39.2,87.3,12.8,13644.0,5.0,8.0,18.0,26.0,35.0,8.0,9.0,7.0,5.0,0.78,Low,1.065,High,Low Income,6.62,33.4,45.3,8.0,11.0,8301.59,2581.81,222.99,155.67,85.94,39.18,307.81,2.588,3395.98,11697.57,2.5698,29.03,9.36722189109388,160.0,10148.62,93.0,9385.793333333333
2004,Barisal,121.0,4541.0,24.0,514.5,88.0,534.235,142.35,37.5,54.0,13.0,13644.0,5.0,8.0,22.0,26.0,32.0,9.0,8.0,6.0,6.0,1.04,Low,1.0709,High,Low Income,5.65,34.0,45.7,10.0,11.0,5253.0,1421.51,121.33,63.54,45.98,48.85,184.34,4.511,1890.06,7143.06,1.573,26.46,8.874036521177281,66.0,11697.57,104.66666666666667,9663.083333333334
2005,Barisal,125.0,4861.0,22.94,571.2,64.0,571.882,147.06,38.9,40.4,13.3,13644.0,5.0,9.0,21.0,25.0,38.0,8.0,8.0,7.0,6.0,0.75,Low,1.0771,Medium-High,Low Income,10.06,35.3,46.8,5.0,13.0,3888.25,1077.61,94.79,58.86,54.68,27.48,116.61,4.854,1434.88,5323.13,1.0951,26.96,8.580004596947923,88.0,7143.06,72.66666666666667,8054.586666666667
2006,Barisal,137.0,5024.0,22.48,597.6,60.0,591.059,161.18,36.7,82.0,13.6,13644.0,5.0,9.0,27.0,25.0,40.0,10.0,10.0,7.0,6.0,0.71,Low,1.0857,Medium-High,Low Income,7.48,36.0,47.3,5.0,11.0,8317.58,2460.04,226.58,120.1,121.11,33.55,271.93,6.645,3239.96,11557.53,2.3005,28.03,9.355178971510759,64.0,5323.13,70.66666666666667,8007.906666666667
2007,Barisal,146.0,5559.0,22.95,648.6,67.0,654.0,171.76,38.1,86.5,13.8,13644.0,5.0,11.0,26.0,25.0,42.0,12.0,10.0,9.0,7.0,0.79,Low,1.0812,Medium-High,Lower Middle,8.46,37.2,48.3,7.0,15.0,8996.95,3188.08,268.33,162.24,91.82,47.83,292.3,1.672,4052.27,13049.22,2.3474,31.05,9.476560270846289,60.0,11557.53,63.666666666666664,9976.626666666665
2008,Barisal,155.0,6190.0,22.45,666.6,224.0,728.235,182.35,39.9,86.2,14.1,13644.0,5.0,13.0,29.0,32.0,45.0,12.0,11.0,7.0,7.0,2.64,Low,1.0711,Medium-High,Lower Middle,3.35,37.7,48.6,13.0,11.0,10835.7,3499.12,310.12,213.73,178.82,82.38,261.43,9.175,4554.77,15390.47,2.4863,29.59,9.641568738840709,67.0,13049.22,117.0,13332.406666666668
2009,Barisal,163.0,6042.0,21.88,781.4,135.0,710.824,191.76,37.1,64.2,14.3,13644.0,5.0,14.0,27.0,31.0,46.0,11.0,11.0,10.0,7.0,1.59,Low,1.0903,Medium-High,Lower Middle,11.63,40.4,50.8,7.0,8.0,8418.81,2546.0,213.66,128.87,126.52,47.36,214.99,2.613,3280.02,11698.83,1.9363,28.04,9.367329590765758,224.0,15390.47,142.0,13379.506666666666
2010,Barisal,156.0,6014.0,20.44,841.9,139.0,707.529,183.53,38.6,36.2,14.6,13644.0,5.0,12.0,28.0,31.0,39.0,13.0,12.0,8.0,7.0,1.64,Low,1.0662,Medium-High,Lower Middle,10.92,41.8,51.9,11.0,10.0,4304.87,1338.79,120.39,58.42,41.92,19.16,112.42,5.074,1696.17,6001.04,0.9978,28.26,8.69985469042329,135.0,11698.83,166.0,11030.113333333333
2011,Barisal,176.0,6638.0,20.93,882.0,359.0,780.941,207.06,37.7,65.3,14.9,13644.0,5.0,13.0,31.0,32.0,49.0,14.0,10.0,11.0,9.0,4.22,Low,1.0841,Medium-High,Lower Middle,6.78,42.8,52.7,9.0,24.0,7934.99,2461.32,226.59,170.22,128.04,57.93,239.86,4.528,3288.48,11223.47,1.6908,29.3,9.325851495460109,139.0,6001.04,211.0,9641.113333333333
2012,Barisal,183.0,7310.0,19.84,997.2,242.0,860.0,215.29,39.9,43.5,15.1,13644.0,5.0,14.0,34.0,36.0,45.0,13.0,13.0,10.0,8.0,2.85,Low,1.085,Medium,Lower Middle,10.19,45.5,54.8,12.0,11.0,5963.26,2003.7,157.77,103.97,74.86,35.37,175.22,8.212,2559.09,8522.35,1.1658,30.03,9.050564735031715,359.0,11223.47,246.66666666666666,8582.286666666667
2013,Barisal,191.0,7030.0,19.63,1042.0,48.0,827.059,224.71,36.8,80.9,15.4,13644.0,5.0,16.0,36.0,41.0,58.0,17.0,13.0,12.0,9.0,0.56,Low,1.0874,Medium,Lower Middle,5.15,46.6,55.6,7.0,16.0,12895.9,3436.24,325.27,164.93,215.47,99.53,276.67,10.628,4528.74,17424.64,2.4786,25.99,9.765697963792114,242.0,8522.35,216.33333333333334,12390.153333333334
2014,Barisal,185.0,7004.0,19.92,1186.4,95.0,824.0,217.65,37.9,47.7,15.7,13644.0,5.0,13.0,33.0,32.0,50.0,14.0,13.0,11.0,9.0,1.12,Low,1.0801,Medium,Lower Middle,9.35,50.0,58.3,15.0,21.0,6509.48,2160.49,166.83,137.58,106.14,36.07,260.85,6.307,2874.27,9383.75,1.3398,30.63,9.146841310413274,48.0,17424.64,128.33333333333334,11776.913333333332
2015,Barisal,216.0,9349.0,19.33,1152.8,65.0,1099.882,254.12,43.3,52.1,15.9,13644.0,5.0,16.0,35.0,42.0,61.0,16.0,14.0,11.0,11.0,0.76,Low,1.065,Medium,Lower Middle,-2.47,49.3,57.7,9.0,11.0,9282.49,2815.77,240.73,175.04,124.8,91.59,269.76,6.46,3724.14,13006.63,1.3912,28.63,9.473291387348612,95.0,9383.75,69.33333333333333,13271.673333333332
2016,Barisal,207.0,9559.0,18.75,1288.2,165.0,1124.588,243.53,46.2,72.2,16.2,13644.0,5.0,15.0,39.0,44.0,60.0,18.0,14.0,11.0,11.0,1.94,Low,1.0866,Medium,Lower Middle,6.37,52.5,60.2,13.0,17.0,15733.62,4312.46,413.88,232.07,225.47,114.7,369.34,12.364,5680.3,21413.92,2.2402,26.53,9.971843154343217,65.0,13006.63,108.33333333333333,14601.433333333332
2017,Barisal,219.0,8548.0,19.04,1473.7,82.0,1005.647,257.65,39.0,66.2,16.4,13644.0,5.0,16.0,40.0,47.0,52.0,18.0,14.0,13.0,11.0,0.96,Low,1.0934,Medium,Lower Middle,8.44,56.9,63.7,19.0,21.0,11230.33,3462.14,328.77,155.03,168.76,65.74,303.37,2.257,4486.06,15716.38,1.8386,28.54,9.662522385426099,165.0,21413.92,104.0,16712.309999999998
2002,Chattogram,383.0,14329.0,24.54,438.1,2715.0,421.441,112.65,37.4,60.6,28.9,33771.0,20.0,32.0,62.0,73.0,111.0,27.0,28.0,22.0,18.0,7.99,Moderate,1.0968,High,Low Income,-0.43,34.6,45.9,18.0,48.0,17314.9,5412.55,475.98,339.48,271.12,82.6,542.32,14.359,7138.4,24453.3,1.7066,29.19,10.104561348560512,844.0,31836.15,1866.0,27592.603333333333
2003,Chattogram,419.0,15486.0,24.7,514.4,872.0,455.471,123.24,37.0,75.0,29.3,33771.0,20.0,30.0,73.0,95.0,123.0,31.0,30.0,27.0,22.0,2.56,Low,1.0603,High,Low Income,11.34,36.4,47.4,24.0,19.0,26316.45,7737.3,658.18,559.58,433.88,131.53,765.21,8.668,10294.35,36610.8,2.3641,28.12,10.50812587179992,2715.0,24453.3,1477.0,30966.75
2004,Chattogram,450.0,15651.0,24.11,539.8,1414.0,460.324,132.35,34.8,71.1,29.7,33771.0,20.0,35.0,86.0,100.0,131.0,36.0,28.0,24.0,21.0,4.16,Moderate,1.0798,High,Low Income,10.84,37.1,47.9,39.0,31.0,24730.84,6495.98,647.6,470.76,349.12,245.41,710.2,4.676,8923.76,33654.6,2.1503,26.52,10.423934740246082,872.0,36610.8,1667.0,31572.899999999998
2005,Chattogram,462.0,16021.0,24.03,576.2,866.0,471.206,135.88,34.7,70.2,30.2,33771.0,20.0,37.0,88.0,95.0,120.0,35.0,35.0,26.0,22.0,2.55,Low,1.0735,High,Low Income,11.02,38.0,48.6,42.0,58.0,23204.92,7262.7,677.4,478.96,373.77,129.97,841.07,7.117,9770.98,32975.91,2.0583,29.63,10.403562898576752,1414.0,33654.6,1050.6666666666667,34413.77
2006,Chattogram,487.0,18183.0,23.7,583.7,801.0,534.794,143.24,37.3,75.6,30.6,33771.0,20.0,40.0,85.0,100.0,136.0,42.0,33.0,25.0,26.0,2.36,Low,1.0808,High,Low Income,4.98,38.2,48.8,36.0,42.0,30710.4,8092.43,848.11,536.8,245.81,175.71,771.65,18.993,10689.49,41399.89,2.2768,25.82,10.631057657166878,866.0,32975.91,1027.0,36010.13333333333
2007,Chattogram,480.0,18971.0,23.1,665.6,888.0,557.971,141.18,39.5,32.6,31.0,33771.0,20.0,42.0,78.0,101.0,147.0,32.0,34.0,27.0,23.0,2.61,Low,1.0758,High,Lower Middle,11.3,40.2,50.3,23.0,34.0,13801.93,3180.25,326.57,237.57,196.92,77.95,322.58,11.657,4353.49,18155.43,0.957,23.98,9.80678004692666,801.0,41399.89,851.6666666666666,30843.74333333333
2008,Chattogram,526.0,19680.0,23.36,742.0,3132.0,578.824,154.71,37.4,68.1,31.5,33771.0,20.0,43.0,108.0,108.0,151.0,41.0,40.0,34.0,24.0,9.21,Moderate,1.0693,High,Lower Middle,15.04,42.0,51.8,50.0,31.0,26703.67,8472.79,746.56,413.9,387.24,231.99,923.19,25.096,11200.76,37904.43,1.926,29.55,10.542849652575908,888.0,18155.43,1607.0,32486.583333333332
2009,Chattogram,564.0,19050.0,22.03,793.8,1751.0,560.294,165.88,33.8,30.9,31.9,33771.0,20.0,37.0,115.0,110.0,161.0,44.0,38.0,32.0,28.0,5.15,Moderate,1.082,Medium-High,Lower Middle,13.4,43.3,52.7,50.0,32.0,12083.58,3779.24,359.16,174.47,152.82,92.58,414.9,6.449,4979.63,17063.21,0.8957,29.18,9.744738566685868,3132.0,37904.43,1923.6666666666667,24374.356666666663
2010,Chattogram,597.0,23051.0,20.8,823.0,2210.0,677.971,175.59,38.6,48.5,32.3,33771.0,20.0,51.0,111.0,130.0,151.0,54.0,46.0,37.0,34.0,6.5,Moderate,1.0735,Medium-High,Lower Middle,8.43,44.1,53.3,52.0,47.0,23517.5,6569.35,680.15,385.8,231.5,101.32,856.57,20.23,8844.92,32362.41,1.4039,27.33,10.384783742629313,1751.0,17063.21,2364.3333333333335,29110.016666666663
2011,Chattogram,595.0,20690.0,20.58,953.1,5573.0,608.529,175.0,34.8,49.6,32.8,33771.0,20.0,42.0,95.0,122.0,182.0,45.0,36.0,36.0,31.0,16.39,Moderate,1.0909,Medium-High,Lower Middle,15.39,47.2,55.8,31.0,38.0,19521.3,7108.23,546.4,331.95,252.57,87.51,534.27,18.803,8879.72,28401.03,1.3727,31.27,10.254215900468044,2210.0,32362.41,3178.0,25942.216666666664
2012,Chattogram,695.0,23919.0,20.62,1049.5,3819.0,703.5,204.41,34.4,49.7,33.2,33771.0,20.0,50.0,113.0,151.0,196.0,53.0,46.0,37.0,33.0,11.23,Moderate,1.0935,Medium-High,Lower Middle,15.97,49.5,57.6,55.0,63.0,25532.02,7843.42,668.62,539.47,322.07,120.12,936.45,24.269,10454.42,35986.44,1.5045,29.05,10.49092526767347,5573.0,28401.03,3867.3333333333335,32249.960000000003
2013,Chattogram,674.0,25756.0,20.01,1064.0,654.0,757.529,198.24,38.2,88.6,33.7,33771.0,20.0,52.0,118.0,145.0,177.0,47.0,46.0,38.0,31.0,1.92,Low,1.0845,Medium-High,Lower Middle,7.37,49.9,57.9,38.0,48.0,47126.01,13705.26,1195.98,891.96,683.25,429.35,1559.19,35.7,18500.69,65626.69,2.548,28.19,11.091752989530029,3819.0,35986.44,3348.6666666666665,43338.05333333334
2014,Chattogram,712.0,27419.0,19.28,1150.0,1265.0,806.441,209.41,38.5,55.4,34.1,33771.0,20.0,54.0,115.0,150.0,206.0,52.0,55.0,44.0,34.0,3.72,Moderate,1.0748,Medium,Lower Middle,5.99,51.9,59.5,46.0,92.0,29086.08,8821.64,851.75,513.64,432.16,246.3,675.21,28.708,11569.41,40655.49,1.4827,28.46,10.612913757828915,654.0,65626.69,1912.6666666666667,47422.87333333333
2015,Chattogram,770.0,28213.0,18.41,1219.9,1239.0,829.794,226.47,36.6,73.0,34.5,33771.0,20.0,60.0,120.0,144.0,226.0,68.0,52.0,48.0,32.0,3.64,Moderate,1.087,Low,Lower Middle,3.21,53.6,60.8,39.0,62.0,43152.22,12319.3,1121.8,912.78,440.74,188.98,1396.04,42.711,16422.35,59574.57,2.1116,27.57,10.995000869692888,1265.0,40655.49,1052.6666666666667,55285.583333333336
2016,Chattogram,781.0,29843.0,18.85,1385.3,2317.0,877.735,229.71,38.2,85.4,35.0,33771.0,20.0,55.0,135.0,152.0,217.0,65.0,51.0,45.0,39.0,6.81,Moderate,1.0849,Medium,Lower Middle,14.39,57.6,63.9,32.0,35.0,52174.44,15462.6,1433.25,639.54,425.15,456.0,1227.36,20.453,19664.36,71838.8,2.4072,27.37,11.18219391900784,1239.0,59574.57,1607.0,57356.28666666666
2017,Chattogram,789.0,31834.0,18.64,1572.7,955.0,936.294,232.06,40.3,80.7,35.4,33771.0,20.0,64.0,141.0,150.0,209.0,58.0,52.0,50.0,38.0,2.81,Low,1.0766,Medium,Middle Income,15.72,62.0,67.4,43.0,84.0,52796.44,14711.0,1404.96,927.3,732.0,389.08,1268.17,12.712,19445.23,72241.68,2.2693,26.92,11.187786285963087,2317.0,71838.8,1503.6666666666667,67885.01666666666
2002,Dhaka,758.0,30871.0,25.51,483.0,4872.0,585.787,143.83,40.7,74.6,51.9,20594.0,31.0,59.0,120.0,148.0,207.0,47.0,52.0,44.0,40.0,9.24,Moderate,1.0807,High,Low Income,9.77,39.1,49.0,27.0,67.0,44325.79,13849.23,1177.02,900.55,490.91,192.71,1680.29,43.469,18334.18,62659.97,2.0297,29.26,11.045494044756616,1813.0,63081.34,3924.3333333333335,61193.18333333333
2003,Dhaka,821.0,34916.0,24.48,472.4,2592.0,662.543,155.79,42.5,35.5,52.9,20594.0,31.0,67.0,153.0,171.0,238.0,69.0,63.0,50.0,43.0,4.92,Moderate,1.0833,High,Low Income,2.25,39.0,48.9,82.0,101.0,27275.51,7470.24,642.14,579.13,339.07,250.06,897.86,10.287,10188.78,37464.3,1.073,27.2,10.531170450239994,4872.0,62659.97,3092.3333333333335,54401.87
2004,Dhaka,863.0,34237.0,24.05,492.4,2718.0,649.658,163.76,39.7,43.8,53.8,20594.0,31.0,63.0,151.0,189.0,244.0,81.0,62.0,52.0,42.0,5.16,Moderate,1.0713,High,Low Income,1.11,39.6,49.4,48.0,48.0,29063.44,9713.97,885.47,410.71,309.58,279.0,1270.3,46.571,12915.6,41979.04,1.2261,30.77,10.644949546208853,2592.0,37464.3,3394.0,47367.77
2005,Dhaka,903.0,39745.0,23.12,580.3,2043.0,754.175,171.35,44.0,63.0,54.8,20594.0,31.0,67.0,163.0,165.0,193.0,74.0,67.0,43.0,41.0,3.88,Moderate,1.0805,High,Low Income,11.81,41.8,51.1,48.0,120.0,44321.49,14406.59,1376.43,964.53,713.92,411.68,1095.46,42.286,19010.89,63332.38,1.5935,30.02,11.056167799316347,2718.0,41979.04,2451.0,47591.90666666667
2006,Dhaka,959.0,39428.0,23.52,591.0,1636.0,748.159,181.97,41.1,72.9,55.7,20594.0,31.0,76.0,178.0,167.0,244.0,69.0,67.0,65.0,56.0,3.1,Moderate,1.0767,High,Low Income,6.29,42.2,51.4,89.0,97.0,59318.24,15491.53,1361.38,887.2,550.05,386.91,1953.25,42.067,20672.39,79990.63,2.0288,25.84,11.289677283182442,2043.0,63332.38,2132.3333333333335,61767.35
2007,Dhaka,965.0,42244.0,22.5,670.6,1999.0,801.594,183.11,43.8,84.3,56.7,20594.0,31.0,81.0,171.0,182.0,298.0,85.0,64.0,49.0,52.0,3.79,Moderate,1.0793,Medium-High,Lower Middle,12.14,44.2,53.0,45.0,100.0,82521.14,20798.42,2121.5,1442.36,1400.56,698.29,1990.15,22.156,28473.43,110994.57,2.6275,25.65,11.617245569588139,1636.0,79990.63,1892.6666666666667,84772.52666666667
2008,Dhaka,1018.0,43559.0,22.63,721.9,8638.0,826.546,193.17,42.8,53.6,57.7,20594.0,31.0,76.0,164.0,200.0,278.0,97.0,73.0,54.0,48.0,16.39,Moderate,1.0888,Medium-High,Lower Middle,11.92,45.5,54.0,31.0,95.0,45012.4,15900.39,1229.11,710.8,698.6,404.73,1392.98,14.349,20350.96,65363.36,1.5006,31.14,11.087732434775381,1999.0,110994.57,4091.0,85449.52
2009,Dhaka,1068.0,48101.0,21.22,762.5,3773.0,912.732,202.66,45.0,82.6,58.6,20594.0,31.0,93.0,195.0,204.0,310.0,77.0,78.0,66.0,52.0,7.16,Moderate,1.0821,Medium-High,Lower Middle,8.93,46.6,54.8,94.0,51.0,77315.86,22039.98,2158.37,1301.61,955.3,648.38,1856.31,56.161,29016.11,106331.97,2.2106,27.29,11.574330676165134,8638.0,65363.36,4803.333333333333,94229.96666666667
2010,Dhaka,1130.0,47658.0,20.71,873.0,4089.0,904.326,214.42,42.2,62.0,59.6,20594.0,31.0,83.0,213.0,202.0,336.0,83.0,74.0,59.0,54.0,7.76,Moderate,1.0632,Medium-High,Lower Middle,15.02,49.3,57.0,102.0,110.0,63327.32,18318.83,1729.78,1110.36,948.27,301.29,2227.78,39.035,24675.35,88002.67,1.8465,28.04,11.385133797136188,3773.0,106331.97,5500.0,86566.0
2011,Dhaka,1239.0,49786.0,21.27,868.7,8787.0,944.706,235.1,40.2,55.4,60.5,20594.0,31.0,94.0,197.0,300.0,322.0,88.0,90.0,72.0,59.0,16.67,Moderate,1.0666,Medium-High,Lower Middle,5.17,49.3,57.0,96.0,136.0,57676.29,16896.86,1415.43,869.53,893.38,427.68,1542.51,20.094,22065.49,79741.78,1.6017,27.67,11.28656148363338,4089.0,88002.67,5549.666666666667,91358.80666666669
2012,Dhaka,1234.0,57683.0,20.41,946.0,7698.0,1094.554,234.16,46.7,86.2,61.5,20594.0,31.0,99.0,213.0,244.0,341.0,101.0,90.0,73.0,63.0,14.61,Moderate,1.0876,Medium-High,Lower Middle,4.53,51.3,58.5,84.0,60.0,101341.61,29305.49,2579.95,2202.3,1427.77,550.87,2226.0,46.327,38338.72,139680.33,2.4215,27.45,11.84711889279213,8787.0,79741.78,6858.0,102474.92666666665
2013,Dhaka,1322.0,54993.0,19.76,1088.4,1309.0,1043.51,250.85,41.6,73.2,62.4,20594.0,31.0,98.0,272.0,248.0,419.0,103.0,92.0,86.0,72.0,2.48,Moderate,1.0786,Medium,Lower Middle,9.83,54.8,61.2,83.0,181.0,91874.15,25366.69,2153.98,1522.29,1398.73,593.5,2661.06,23.423,33719.67,125593.81,2.2838,26.85,11.740816210506422,7698.0,139680.33,5931.333333333333,115005.30666666666
2014,Dhaka,1477.0,61473.0,18.81,1179.6,2980.0,1166.471,280.27,41.6,71.8,63.4,20594.0,31.0,113.0,268.0,280.0,416.0,112.0,98.0,95.0,80.0,5.65,Moderate,1.0819,Medium,Lower Middle,8.72,57.0,63.0,145.0,156.0,95844.96,27420.61,2370.46,1377.49,1314.92,713.94,3377.24,36.573,36611.23,132456.19,2.1547,27.64,11.79401477786257,1309.0,125593.81,3995.6666666666665,132576.77666666667
2015,Dhaka,1430.0,70375.0,18.71,1236.0,2647.0,1335.389,271.35,49.2,68.9,64.3,20594.0,31.0,105.0,262.0,258.0,392.0,123.0,106.0,85.0,65.0,5.02,Moderate,1.0864,Medium,Lower Middle,4.57,58.5,64.1,45.0,183.0,105245.0,24767.67,2646.3,1878.16,1707.51,1014.75,1911.13,31.018,33956.53,139201.53,1.978,24.39,11.843685202004645,2980.0,132456.19,2312.0,132417.17666666667
2016,Dhaka,1559.0,66282.0,18.98,1301.5,4753.0,1257.723,295.83,42.5,54.9,65.3,20594.0,31.0,114.0,283.0,313.0,399.0,134.0,129.0,93.0,81.0,9.02,Moderate,1.0809,Medium,Lower Middle,7.47,60.2,65.4,74.0,89.0,71722.44,20378.09,2121.94,1506.55,575.81,656.29,1672.2,25.723,26936.6,98659.04,1.4885,27.3,11.499435280220446,2647.0,139201.53,3460.0,123438.92
2017,Dhaka,1584.0,73395.0,18.08,1493.1,2352.0,1392.694,300.57,46.3,60.7,66.3,20594.0,31.0,107.0,292.0,286.0,429.0,132.0,111.0,88.0,79.0,4.46,Moderate,1.0876,Low,Lower Middle,9.87,64.8,69.0,58.0,180.0,90114.72,26084.27,2201.73,1218.93,1552.66,396.76,3033.92,23.224,34511.5,124626.22,1.698,27.69,11.733082320545803,4753.0,98659.04,3250.6666666666665,120828.93
2002,Khulna,205.0,6604.0,24.56,438.2,631.0,388.471,120.59,32.2,58.6,24.7,22285.0,10.0,17.0,35.0,41.0,55.0,15.0,13.0,12.0,9.0,3.71,Low,1.0898,High,Low Income,-0.41,33.9,45.5,9.0,21.0,8257.55,2349.65,228.64,151.2,84.97,77.89,289.22,2.776,3184.34,11441.89,1.7326,27.83,9.345123855407751,226.0,12737.36,465.0,11124.43
2003,Khulna,220.0,6977.0,24.9,461.1,252.0,410.412,129.41,31.7,37.5,25.0,22285.0,10.0,18.0,41.0,44.0,63.0,20.0,15.0,13.0,11.0,1.48,Low,1.0695,High,Low Income,-0.19,34.5,46.0,7.0,12.0,5885.41,1797.26,148.04,105.01,76.68,53.65,168.82,12.769,2362.22,8247.63,1.1821,28.64,9.017802404933077,631.0,11441.89,369.6666666666667,10808.96
2004,Khulna,225.0,7967.0,23.92,514.2,318.0,468.647,132.35,35.4,86.0,25.4,22285.0,10.0,17.0,39.0,46.0,67.0,19.0,15.0,13.0,11.0,1.87,Low,1.0716,High,Low Income,5.59,35.8,47.0,18.0,21.0,14859.49,4210.38,418.51,219.43,119.4,128.19,443.09,5.197,5544.2,20403.69,2.561,27.17,9.923520055369686,252.0,8247.63,400.3333333333333,13364.403333333334
2005,Khulna,229.0,7945.0,23.63,585.3,268.0,467.353,134.71,34.7,54.8,25.7,22285.0,10.0,19.0,42.0,46.0,69.0,14.0,16.0,13.0,9.0,1.58,Low,1.0906,High,Low Income,12.77,37.5,48.3,8.0,19.0,9305.94,2874.9,246.22,122.4,164.75,47.19,366.71,5.33,3827.51,13133.45,1.653,29.14,9.482993828384174,318.0,20403.69,279.3333333333333,13928.256666666668
2006,Khulna,236.0,8693.0,23.32,579.7,202.0,511.353,138.82,36.8,76.4,26.1,22285.0,10.0,19.0,40.0,37.0,65.0,21.0,17.0,15.0,12.0,1.19,Low,1.0812,High,Low Income,4.26,37.4,48.2,10.0,25.0,13460.11,3648.31,341.96,225.48,222.06,59.72,347.18,9.791,4854.49,18314.61,2.1068,26.51,9.815508980691588,268.0,13133.45,262.6666666666667,17283.916666666668
2007,Khulna,264.0,9309.0,22.54,635.7,196.0,547.588,155.29,35.3,60.3,26.4,22285.0,10.0,21.0,47.0,52.0,69.0,20.0,17.0,16.0,14.0,1.15,Low,1.0667,Medium-High,Lower Middle,6.3,38.8,49.3,15.0,30.0,10738.6,2975.17,296.0,129.5,123.68,91.5,373.11,15.225,4004.18,14742.78,1.5837,27.16,9.598576577914407,202.0,18314.61,222.0,15396.946666666669
2008,Khulna,255.0,9189.0,22.18,684.2,889.0,540.529,150.0,36.0,53.0,26.8,22285.0,10.0,21.0,50.0,52.0,77.0,23.0,19.0,15.0,13.0,5.23,Low,1.0786,Medium-High,Lower Middle,6.08,40.0,50.2,19.0,26.0,10450.8,3091.25,325.61,196.2,183.74,66.68,356.05,3.519,4223.04,14673.84,1.5969,28.78,9.593889741740778,196.0,14742.78,429.0,15910.409999999998
2009,Khulna,286.0,9193.0,22.17,721.9,402.0,540.765,168.24,32.1,49.9,27.1,22285.0,10.0,21.0,55.0,50.0,61.0,22.0,20.0,18.0,13.0,2.36,Low,1.0751,Medium-High,Lower Middle,3.13,40.9,50.9,19.0,23.0,8280.7,2684.76,210.35,117.72,123.53,48.34,298.1,9.628,3492.43,11773.12,1.2807,29.66,9.37365918148463,889.0,14673.84,495.6666666666667,13729.913333333336
2010,Khulna,298.0,9946.0,20.54,874.6,619.0,585.059,175.29,33.4,71.2,27.5,22285.0,10.0,21.0,57.0,63.0,73.0,26.0,21.0,19.0,13.0,3.64,Low,1.0822,Medium-High,Lower Middle,15.23,44.5,53.8,13.0,18.0,15484.95,4454.21,398.06,233.11,220.05,118.58,491.0,17.099,5932.1,21417.05,2.1533,27.7,9.971989303443108,402.0,11773.12,636.6666666666666,15954.67
2011,Khulna,304.0,10715.0,21.1,904.1,1142.0,630.294,178.82,35.2,69.8,27.8,22285.0,10.0,25.0,64.0,60.0,77.0,24.0,22.0,17.0,15.0,6.72,Moderate,1.0745,Medium-High,Lower Middle,9.46,45.3,54.4,16.0,33.0,16580.15,4636.25,445.13,214.09,190.33,99.48,500.21,16.078,6101.56,22681.71,2.1168,26.9,10.029358239239658,619.0,21417.05,721.0,18623.96
2012,Khulna,330.0,11833.0,20.15,965.2,852.0,696.059,194.12,35.9,91.2,28.2,22285.0,10.0,25.0,54.0,67.0,93.0,27.0,23.0,20.0,18.0,5.01,Low,1.0834,Medium-High,Lower Middle,6.65,46.7,55.5,22.0,24.0,22237.31,7034.77,565.97,333.24,308.42,222.23,651.9,5.752,9122.28,31359.58,2.6502,29.09,10.353306969191275,1142.0,22681.71,871.0,25152.78
2013,Khulna,317.0,12219.0,20.02,1025.9,169.0,718.765,186.47,38.5,68.3,28.5,22285.0,10.0,25.0,57.0,60.0,82.0,26.0,21.0,20.0,15.0,0.99,Low,1.0869,Medium-High,Lower Middle,3.52,48.2,56.7,22.0,37.0,17490.98,5053.94,434.05,349.15,191.24,109.3,393.0,11.589,6542.26,24033.24,1.9669,27.22,10.08723475927476,852.0,31359.58,721.0,26024.843333333334
2014,Khulna,368.0,13302.0,19.52,1215.0,376.0,782.471,216.47,36.1,65.9,28.9,22285.0,10.0,28.0,68.0,77.0,96.0,29.0,21.0,24.0,17.0,2.21,Low,1.0887,Medium,Lower Middle,11.98,52.7,60.2,24.0,50.0,16833.69,5433.86,508.35,217.18,184.35,142.83,429.96,6.112,6922.64,23756.33,1.7859,29.14,10.075646393424806,169.0,24033.24,465.6666666666667,26383.050000000003
2015,Khulna,390.0,14490.0,18.71,1209.5,291.0,852.353,229.41,37.2,80.4,29.2,22285.0,10.0,35.0,71.0,81.0,121.0,32.0,26.0,22.0,19.0,1.71,Low,1.0815,Medium,Lower Middle,2.33,52.6,60.1,37.0,48.0,25169.38,8314.09,693.35,404.75,440.85,105.62,713.48,12.546,10684.68,35854.06,2.4744,29.8,10.487239979722052,376.0,23756.33,278.6666666666667,27881.210000000003
2016,Khulna,374.0,14727.0,19.02,1355.6,680.0,866.294,220.0,39.4,36.4,29.6,22285.0,10.0,29.0,62.0,79.0,110.0,32.0,26.0,21.0,16.0,4.0,Low,1.0996,Medium,Lower Middle,11.94,56.1,62.8,13.0,37.0,11105.18,3000.15,314.22,177.86,165.03,77.09,396.67,5.114,4136.13,15241.31,1.0349,27.14,9.631830392557488,291.0,35854.06,449.0,24950.566666666666
2017,Khulna,397.0,16175.0,18.24,1578.8,261.0,951.471,233.53,40.7,57.8,29.9,22285.0,10.0,31.0,63.0,79.0,120.0,31.0,29.0,21.0,19.0,1.54,Low,1.0834,Low,Middle Income,16.17,61.3,66.9,37.0,48.0,19131.56,5438.9,515.88,416.02,309.63,146.96,583.29,4.491,7415.17,26546.73,1.6412,27.93,10.186699523956452,680.0,15241.31,410.6666666666667,25880.7
2002,Mymensingh,185.0,7562.0,24.95,456.6,191.0,741.373,181.37,40.9,50.5,10.4,10584.0,6.0,15.0,33.0,35.0,52.0,16.0,11.0,11.0,8.0,1.87,Low,1.0813,High,Low Income,3.77,32.2,44.4,11.0,12.0,7201.86,2534.98,204.99,110.86,119.67,39.55,224.02,6.0,3240.08,10441.94,1.3808,31.03,9.253681430987605,64.0,11952.33,136.33333333333334,12149.036666666667
2003,Mymensingh,186.0,7242.0,24.62,497.0,94.0,710.0,182.35,38.9,50.4,10.7,10584.0,6.0,14.0,40.0,34.0,58.0,16.0,12.0,11.0,10.0,0.92,Low,1.0773,High,Low Income,7.58,33.2,45.2,18.0,25.0,7021.79,2360.68,219.71,105.33,78.38,59.76,194.51,6.122,3024.48,10046.28,1.3872,30.11,9.215057230089608,191.0,10441.94,116.33333333333333,10813.516666666668
2004,Mymensingh,195.0,8181.0,24.9,503.4,111.0,802.059,191.18,42.0,55.4,10.9,10584.0,6.0,16.0,38.0,38.0,53.0,14.0,12.0,11.0,10.0,1.09,Low,1.0746,High,Low Income,3.37,33.4,45.3,7.0,25.0,8592.74,2709.88,258.17,111.95,135.78,79.95,273.9,8.001,3577.63,12170.36,1.4876,29.4,9.406840929943407,94.0,10046.28,132.0,10886.193333333335
2005,Mymensingh,207.0,8083.0,23.54,567.0,86.0,792.451,202.94,39.0,91.6,11.1,10584.0,6.0,17.0,40.0,37.0,56.0,15.0,14.0,12.0,10.0,0.84,Low,1.0865,High,Low Income,9.25,34.9,46.5,10.0,16.0,15008.5,4530.46,389.45,229.66,167.18,136.4,487.33,5.178,5945.66,20954.17,2.5924,28.37,9.950140672948551,111.0,12170.36,97.0,14390.269999999999
2006,Mymensingh,207.0,9102.0,22.45,610.0,67.0,892.353,202.94,44.0,81.7,11.3,10584.0,6.0,16.0,41.0,34.0,65.0,14.0,14.0,11.0,10.0,0.66,Low,1.08,Medium-High,Lower Middle,9.71,35.9,47.3,16.0,18.0,15349.94,4938.51,404.83,335.84,214.2,148.9,580.24,8.411,6630.93,21980.87,2.4149,30.17,9.99797330168178,86.0,20954.17,88.0,18368.466666666667
2007,Mymensingh,213.0,9086.0,22.57,608.4,75.0,890.784,208.82,42.7,70.4,11.5,10584.0,6.0,16.0,36.0,38.0,55.0,21.0,16.0,11.0,9.0,0.74,Low,1.0759,Medium-High,Lower Middle,1.74,35.9,47.3,9.0,15.0,12733.14,3677.07,392.34,234.64,119.14,86.21,276.88,6.167,4792.46,17525.6,1.9289,27.35,9.771475005880875,67.0,21980.87,76.0,20153.546666666665
2008,Mymensingh,235.0,9044.0,22.97,711.4,289.0,886.667,230.39,38.5,72.7,11.7,10584.0,6.0,19.0,35.0,45.0,70.0,18.0,14.0,14.0,13.0,2.83,Low,1.0765,Medium-High,Lower Middle,10.29,38.4,49.2,11.0,28.0,14031.81,4042.32,371.7,284.66,211.5,92.79,452.95,13.694,5469.62,19501.42,2.1563,28.05,9.878293839415855,75.0,17525.6,143.66666666666666,19669.296666666665
2009,Mymensingh,248.0,10089.0,20.87,739.2,164.0,989.118,243.14,40.7,74.0,12.0,10584.0,6.0,19.0,44.0,42.0,77.0,19.0,17.0,16.0,11.0,1.61,Low,1.0915,Medium-High,Lower Middle,5.6,39.0,49.7,16.0,16.0,14641.72,4497.33,376.68,190.42,145.56,78.55,354.74,2.655,5645.93,20287.65,2.0109,27.83,9.91781689536726,289.0,19501.42,176.0,19104.890000000003
2010,Mymensingh,264.0,10075.0,21.3,842.0,171.0,987.745,258.82,38.2,72.6,12.2,10584.0,6.0,18.0,48.0,42.0,59.0,20.0,18.0,16.0,12.0,1.68,Low,1.0679,Medium-High,Lower Middle,10.94,41.5,51.7,23.0,12.0,13522.11,4236.97,349.89,288.52,165.66,98.27,456.6,14.631,5610.55,19132.66,1.899,29.32,9.859204366664535,164.0,20287.65,208.0,19640.57666666667
2011,Mymensingh,271.0,10651.0,21.23,932.8,356.0,1044.216,265.69,39.3,85.2,12.4,10584.0,6.0,22.0,52.0,52.0,75.0,23.0,17.0,15.0,12.0,3.49,Low,1.0696,Medium-High,Lower Middle,12.93,43.6,53.3,16.0,29.0,18069.14,5784.6,479.86,329.84,281.88,94.35,570.57,15.28,7556.37,25625.5,2.4059,29.49,10.151382251312876,171.0,19132.66,230.33333333333334,21681.936666666672
2012,Mymensingh,300.0,11159.0,21.08,1048.2,209.0,1094.02,294.12,37.2,80.2,12.6,10584.0,6.0,25.0,54.0,65.0,81.0,21.0,23.0,17.0,15.0,2.05,Low,1.0612,Medium-High,Lower Middle,15.82,46.3,55.5,27.0,25.0,18726.33,5281.96,507.48,317.47,156.74,131.34,545.46,16.046,6956.51,25682.84,2.3015,27.09,10.153617279335277,356.0,25625.5,245.33333333333334,23480.333333333332
2013,Mymensingh,297.0,11818.0,19.97,1064.9,58.0,1158.627,291.18,39.8,73.0,12.8,10584.0,6.0,23.0,56.0,59.0,73.0,25.0,19.0,17.0,14.0,0.57,Low,1.0883,Medium,Lower Middle,7.46,46.8,55.8,13.0,23.0,18128.83,5074.42,480.03,324.07,260.86,118.67,420.53,15.523,6694.1,24822.93,2.1004,26.97,10.119563386272484,209.0,25682.84,207.66666666666666,25377.09
2014,Mymensingh,331.0,12696.0,19.99,1248.3,119.0,1244.706,324.51,38.4,72.2,13.0,10584.0,6.0,26.0,57.0,74.0,92.0,23.0,23.0,18.0,17.0,1.17,Low,1.0837,Medium,Lower Middle,15.05,51.1,59.2,20.0,35.0,19645.32,5760.09,499.65,393.81,229.02,171.78,399.48,12.19,7466.02,27111.34,2.1354,27.54,10.207744253780696,58.0,24822.93,128.66666666666666,25872.37
2015,Mymensingh,345.0,14710.0,19.47,1156.6,122.0,1442.157,338.24,42.6,88.2,13.3,10584.0,6.0,28.0,53.0,68.0,90.0,29.0,26.0,17.0,17.0,1.2,Low,1.1018,Medium,Lower Middle,-2.15,49.0,57.5,31.0,25.0,25506.8,7859.44,709.16,450.09,221.55,219.13,602.57,7.175,10069.12,35575.92,2.4185,28.3,10.47945239198659,119.0,27111.34,99.66666666666667,29170.063333333335
2016,Mymensingh,350.0,15571.0,18.7,1351.1,201.0,1526.569,343.14,44.5,64.3,13.5,10584.0,6.0,27.0,63.0,70.0,90.0,27.0,21.0,23.0,17.0,1.97,Low,1.088,Medium,Lower Middle,11.57,53.5,61.1,20.0,37.0,18011.54,6080.15,541.35,257.29,205.14,121.06,562.15,5.164,7772.31,25783.85,1.6559,30.14,10.157542389132479,122.0,35575.92,147.33333333333334,29490.369999999995
2017,Mymensingh,360.0,14451.0,18.42,1492.4,68.0,1416.765,352.94,40.1,65.1,13.7,10584.0,6.0,24.0,71.0,86.0,101.0,27.0,30.0,19.0,18.0,0.67,Low,1.0647,Low,Lower Middle,9.82,56.9,63.7,14.0,36.0,17985.43,6084.86,514.57,345.61,283.6,133.19,451.89,4.547,7818.27,25803.7,1.7856,30.3,10.158311924861307,201.0,25783.85,130.33333333333334,29054.49
2002,Rajshahi,198.0,7955.0,25.08,457.7,465.0,425.401,105.88,40.2,67.1,15.6,18197.0,11.0,16.0,30.0,35.0,58.0,16.0,13.0,11.0,10.0,2.49,Low,1.0902,High,Low Income,4.02,33.0,45.0,19.0,20.0,10795.65,3341.8,285.96,152.41,144.59,90.46,280.76,5.066,4301.05,15096.71,1.8978,28.49,9.622298355673,186.0,11564.32,344.3333333333333,13970.013333333334
2003,Rajshahi,211.0,8229.0,24.9,479.9,185.0,440.053,112.83,39.0,86.9,15.9,18197.0,11.0,16.0,42.0,38.0,52.0,17.0,16.0,14.0,10.0,0.99,Low,1.0695,High,Low Income,3.87,33.6,45.4,20.0,29.0,15598.25,4423.31,366.67,340.87,166.15,135.77,422.52,6.573,5861.87,21460.12,2.6079,27.32,9.973998204943989,465.0,15096.71,278.6666666666667,16040.383333333331
2004,Rajshahi,224.0,9004.0,24.56,529.2,213.0,481.497,119.79,40.2,25.0,16.2,18197.0,11.0,15.0,39.0,40.0,53.0,18.0,16.0,12.0,8.0,1.14,Low,1.0654,High,Low Income,8.67,34.8,46.3,10.0,22.0,4280.28,1173.14,110.65,91.55,39.99,20.09,139.48,8.436,1583.34,5863.62,0.6512,27.0,8.676692967854695,185.0,21460.12,287.6666666666667,14140.15
2005,Rajshahi,242.0,8957.0,22.6,537.5,160.0,478.984,129.41,37.0,78.0,16.5,18197.0,11.0,20.0,45.0,47.0,65.0,18.0,15.0,16.0,11.0,0.86,Low,1.0737,Medium-High,Low Income,3.56,35.0,46.5,7.0,14.0,14779.76,4326.18,382.78,298.05,186.27,86.18,494.77,5.174,5779.4,20559.17,2.2953,28.11,9.931110988017409,213.0,5863.62,186.0,15960.969999999996
2006,Rajshahi,252.0,9808.0,22.84,593.8,152.0,524.492,134.76,38.9,78.7,16.8,18197.0,11.0,21.0,47.0,53.0,73.0,19.0,18.0,16.0,13.0,0.81,Low,1.0832,Medium-High,Low Income,6.8,36.4,47.6,9.0,23.0,16498.23,4723.34,428.27,233.24,210.05,155.2,537.11,4.658,6291.88,22790.11,2.3236,27.61,10.034125826626271,160.0,20559.17,175.0,16404.3
2007,Rajshahi,244.0,10106.0,22.89,648.1,200.0,540.428,130.48,41.4,89.2,17.1,18197.0,11.0,18.0,44.0,56.0,85.0,20.0,16.0,15.0,13.0,1.07,Low,1.0927,Medium-High,Lower Middle,8.38,37.7,48.6,14.0,22.0,20455.43,6585.78,569.6,273.77,210.95,166.99,686.48,3.224,8496.8,28952.23,2.8649,29.35,10.273437048452788,152.0,22790.11,170.66666666666666,24100.50333333333
2008,Rajshahi,273.0,9964.0,22.11,659.7,662.0,532.834,145.99,36.5,64.8,17.4,18197.0,11.0,22.0,54.0,57.0,81.0,21.0,21.0,16.0,12.0,3.54,Low,1.0798,Medium-High,Lower Middle,2.28,38.0,48.8,21.0,31.0,14570.63,4279.83,413.22,197.05,134.96,116.81,438.02,5.705,5585.59,20156.22,2.0229,27.71,9.911317815851266,200.0,28952.23,338.0,23966.186666666665
2009,Rajshahi,298.0,11459.0,22.08,732.8,295.0,612.781,159.36,38.5,45.5,17.7,18197.0,11.0,25.0,59.0,56.0,81.0,20.0,20.0,19.0,14.0,1.58,Low,1.0751,Medium-High,Lower Middle,4.69,39.8,50.2,9.0,40.0,10602.49,3218.41,286.06,211.82,120.9,98.41,381.45,7.096,4324.16,14926.65,1.3026,28.97,9.61097047693874,662.0,20156.22,385.6666666666667,21345.033333333333
2010,Rajshahi,296.0,12942.0,20.49,783.8,497.0,692.086,158.29,43.7,56.0,18.0,18197.0,11.0,24.0,45.0,62.0,84.0,24.0,22.0,18.0,14.0,2.66,Low,1.09,Medium-High,Lower Middle,3.27,41.0,51.2,29.0,15.0,16027.33,4407.61,413.9,293.21,136.81,78.46,458.75,7.457,5796.19,21823.53,1.6863,26.56,9.990789845538924,295.0,14926.65,484.6666666666667,18968.8
2011,Rajshahi,312.0,12698.0,20.88,860.6,1033.0,679.037,166.84,40.7,67.3,18.3,18197.0,11.0,25.0,53.0,58.0,82.0,23.0,22.0,15.0,13.0,5.52,Moderate,1.0919,Medium-High,Lower Middle,4.19,42.8,52.6,24.0,20.0,16375.15,5352.08,486.16,354.02,267.89,122.01,653.28,18.713,7254.16,23629.31,1.8609,30.7,10.070285489011532,497.0,21823.53,608.3333333333334,20126.49666666667
2012,Rajshahi,318.0,12841.0,20.72,964.1,620.0,686.684,170.05,40.4,69.2,18.7,18197.0,11.0,26.0,59.0,59.0,75.0,24.0,24.0,21.0,16.0,3.32,Low,1.0827,Medium-High,Lower Middle,6.53,45.3,54.5,30.0,28.0,16865.09,5598.34,471.91,343.16,300.24,92.12,561.09,9.279,7376.14,24241.22,1.8878,30.43,10.095851020148094,1033.0,23629.31,716.6666666666666,23231.353333333333
2013,Rajshahi,304.0,13900.0,20.1,1113.5,98.0,743.316,162.57,45.7,56.0,19.0,18197.0,11.0,23.0,53.0,55.0,73.0,24.0,20.0,17.0,15.0,0.52,Low,1.0685,Medium-High,Lower Middle,12.36,48.8,57.3,28.0,42.0,15539.11,5191.8,388.91,304.47,259.87,65.5,395.29,12.634,6618.49,22157.6,1.5941,29.87,10.005980961970169,620.0,24241.22,583.6666666666666,23342.710000000003
2014,Rajshahi,370.0,14985.0,19.11,1151.7,306.0,801.337,197.86,40.5,87.2,19.3,18197.0,11.0,31.0,71.0,73.0,113.0,30.0,28.0,24.0,16.0,1.64,Low,1.0984,Medium,Lower Middle,6.15,49.8,58.0,28.0,41.0,29614.21,7699.53,804.43,591.95,416.69,181.06,774.28,15.186,10483.12,40097.34,2.6758,26.14,10.599090215929072,98.0,22157.6,341.3333333333333,28832.053333333333
2015,Rajshahi,370.0,15708.0,19.72,1158.7,192.0,840.0,197.86,42.5,58.6,19.6,18197.0,11.0,31.0,65.0,80.0,108.0,24.0,24.0,21.0,19.0,1.03,Low,1.0733,Medium,Lower Middle,-1.97,50.0,58.2,14.0,31.0,18611.57,5880.1,534.16,399.45,205.54,129.46,453.61,20.114,7622.43,26234.01,1.6701,29.06,10.174850057290932,306.0,40097.34,198.66666666666666,29496.316666666666
2016,Rajshahi,399.0,16385.0,18.57,1398.4,399.0,876.203,213.37,41.1,35.6,19.9,18197.0,11.0,32.0,59.0,79.0,111.0,33.0,30.0,22.0,19.0,2.13,Low,1.0796,Medium,Lower Middle,15.47,55.6,62.6,15.0,36.0,10772.15,3458.5,297.79,185.94,166.5,73.87,433.03,14.229,4629.85,15402.0,0.94,30.06,9.642317574624458,192.0,26234.01,299.0,27244.449999999997
2017,Rajshahi,430.0,17543.0,18.46,1561.5,171.0,938.128,229.95,40.8,45.4,20.2,18197.0,11.0,33.0,84.0,99.0,124.0,34.0,30.0,20.0,22.0,0.91,Low,1.0744,Low,Middle Income,14.9,59.5,65.6,30.0,26.0,15674.48,5448.94,465.45,324.16,238.42,153.77,584.13,11.86,7226.74,22901.22,1.3054,31.56,10.03898912807508,399.0,15402.0,254.0,21512.41
2002,Rangpur,201.0,7579.0,24.41,439.7,227.0,445.824,118.24,37.7,45.1,13.6,16317.0,10.0,15.0,36.0,40.0,61.0,19.0,13.0,11.0,10.0,1.34,Low,1.0726,High,Low Income,-0.07,32.3,44.4,19.0,10.0,7813.28,2436.81,217.46,127.44,95.6,53.15,291.2,8.777,3230.44,11043.72,1.4571,29.25,9.309707764695396,92.0,16834.1,187.66666666666666,13418.143333333333
2003,Rangpur,203.0,8498.0,24.12,482.3,124.0,499.882,119.41,41.9,83.7,13.9,16317.0,10.0,15.0,37.0,35.0,58.0,16.0,14.0,12.0,11.0,0.73,Low,1.0767,High,Low Income,4.39,33.3,45.2,9.0,16.0,15498.89,4040.45,369.75,276.45,205.02,148.92,332.65,9.299,5382.53,20881.41,2.4572,25.78,9.94666245679197,227.0,11043.72,147.66666666666666,16253.076666666666
2004,Rangpur,227.0,8405.0,23.71,497.1,157.0,494.412,133.53,37.0,72.6,14.2,16317.0,10.0,18.0,45.0,41.0,62.0,17.0,13.0,13.0,11.0,0.92,Low,1.0793,High,Low Income,2.07,33.7,45.5,21.0,13.0,13525.98,3963.35,348.06,179.55,149.9,127.06,455.52,12.039,5235.48,18761.46,2.2322,27.91,9.839613344027386,124.0,20881.41,169.33333333333334,16895.53
2005,Rangpur,228.0,8644.0,23.54,522.8,105.0,508.471,134.12,37.9,74.7,14.5,16317.0,10.0,16.0,45.0,45.0,63.0,19.0,16.0,14.0,11.0,0.62,Low,1.0795,High,Low Income,0.73,34.4,46.0,12.0,10.0,13764.67,3784.39,352.09,292.58,184.23,114.47,427.45,9.925,5165.15,18929.82,2.1899,27.29,9.848546560750666,157.0,18761.46,128.66666666666666,19524.23
2006,Rangpur,242.0,10035.0,22.63,574.7,72.0,590.294,142.35,41.5,68.8,14.8,16317.0,10.0,19.0,44.0,47.0,75.0,16.0,15.0,14.0,10.0,0.42,Low,1.0647,Medium-High,Low Income,3.36,35.6,47.0,14.0,29.0,14708.88,3930.48,391.93,317.41,193.86,63.27,344.82,12.685,5254.45,19963.33,1.9894,26.32,9.901702460206442,105.0,18929.82,111.33333333333333,19218.203333333335
2007,Rangpur,259.0,10488.0,22.44,637.6,106.0,616.941,152.35,40.5,66.4,15.1,16317.0,10.0,21.0,42.0,55.0,77.0,19.0,18.0,16.0,12.0,0.62,Low,1.0808,Medium-High,Lower Middle,6.62,37.1,48.2,14.0,24.0,15200.73,4399.53,401.15,207.5,192.65,72.44,466.83,2.939,5743.04,20943.77,1.9969,27.42,9.949644252179759,72.0,19963.33,94.33333333333333,19945.64
2008,Rangpur,264.0,10128.0,22.12,694.0,326.0,595.765,155.29,38.4,67.3,15.4,16317.0,10.0,21.0,49.0,56.0,70.0,19.0,16.0,15.0,12.0,1.92,Low,1.0648,Medium-High,Lower Middle,7.6,38.5,49.3,9.0,35.0,13413.49,4030.18,338.43,210.67,175.17,81.12,487.25,13.495,5336.3,18749.8,1.8513,28.46,9.838991697155027,106.0,20943.77,168.0,19885.633333333335
2009,Rangpur,280.0,11562.0,20.85,762.3,193.0,680.118,164.71,41.3,36.4,15.7,16317.0,10.0,22.0,52.0,52.0,86.0,24.0,20.0,16.0,14.0,1.14,Low,1.0809,Medium-High,Lower Middle,8.9,40.1,50.5,27.0,25.0,8304.79,2472.56,251.36,162.96,81.81,44.0,276.02,12.944,3301.65,11606.44,1.0038,28.45,9.359401550808997,326.0,18749.8,208.33333333333334,17100.003333333334
2010,Rangpur,301.0,11874.0,21.28,799.4,264.0,698.471,177.06,39.4,74.5,16.0,16317.0,10.0,28.0,51.0,64.0,83.0,22.0,18.0,20.0,15.0,1.55,Low,1.0787,Medium-High,Lower Middle,5.32,41.1,51.3,25.0,30.0,19764.24,5201.88,531.54,376.9,297.05,132.9,564.02,16.915,7121.21,26885.45,2.2642,26.49,10.199377721209547,193.0,11606.44,261.0,19080.563333333335
2011,Rangpur,335.0,11429.0,20.68,894.6,550.0,672.294,197.06,34.1,71.7,16.3,16317.0,10.0,26.0,53.0,64.0,97.0,28.0,23.0,19.0,16.0,3.24,Low,1.0806,Medium-High,Lower Middle,8.31,43.3,53.0,14.0,25.0,16259.74,5162.8,479.43,278.79,290.74,129.2,513.09,10.272,6864.33,23124.07,2.0233,29.68,10.048672589403072,264.0,26885.45,335.6666666666667,20538.653333333332
2012,Rangpur,332.0,13310.0,19.74,1023.8,375.0,782.941,195.29,40.1,80.0,16.7,16317.0,10.0,26.0,61.0,62.0,94.0,27.0,23.0,18.0,16.0,2.21,Low,1.0824,Medium,Lower Middle,13.13,46.4,55.4,25.0,40.0,20871.02,6918.79,608.41,259.56,322.4,171.8,773.52,9.729,9064.21,29935.23,2.2491,30.28,10.306824731541544,550.0,23124.07,396.3333333333333,26648.25
2013,Rangpur,360.0,14524.0,19.0,1053.0,69.0,854.353,211.76,40.3,87.4,17.0,16317.0,10.0,27.0,66.0,67.0,96.0,29.0,25.0,23.0,16.0,0.41,Low,1.0792,Medium,Lower Middle,6.26,47.1,56.0,14.0,30.0,26719.37,8096.92,688.39,388.85,216.27,235.87,938.66,15.797,10580.76,37300.14,2.5682,28.37,10.526779168167549,375.0,29935.23,331.3333333333333,30119.813333333335
2014,Rangpur,375.0,14362.0,19.51,1159.1,139.0,844.824,220.59,38.3,85.5,17.3,16317.0,10.0,28.0,62.0,66.0,100.0,29.0,26.0,24.0,19.0,0.82,Low,1.0735,Medium,Lower Middle,6.83,49.6,58.0,30.0,51.0,25364.56,6948.23,663.17,333.59,447.15,122.88,847.73,19.878,9382.63,34747.18,2.4194,27.0,10.455882475520648,69.0,37300.14,194.33333333333334,33994.18333333333
2015,Rangpur,376.0,16567.0,18.95,1261.6,125.0,974.529,221.18,44.1,39.2,17.6,16317.0,10.0,29.0,65.0,64.0,102.0,31.0,23.0,24.0,19.0,0.74,Low,1.0784,Medium,Lower Middle,6.73,52.1,59.9,31.0,24.0,13908.61,3751.6,347.19,230.15,203.45,109.19,427.54,4.162,5073.28,18981.89,1.1458,26.73,9.851293326115375,139.0,34747.18,111.0,30343.069999999996
2016,Rangpur,378.0,16866.0,18.65,1376.2,234.0,992.118,222.35,44.6,54.5,17.9,16317.0,10.0,30.0,61.0,82.0,107.0,30.0,26.0,21.0,19.0,1.38,Low,1.0769,Medium,Lower Middle,13.64,54.8,62.0,30.0,23.0,17833.44,5306.58,513.04,231.69,267.82,162.58,582.47,18.313,7082.5,24915.93,1.4773,28.43,10.123302771090849,125.0,18981.89,166.0,26215.0
2017,Rangpur,433.0,17212.0,18.72,1498.0,123.0,1012.471,254.71,39.8,54.4,18.2,16317.0,10.0,32.0,83.0,87.0,124.0,32.0,32.0,30.0,19.0,0.72,Low,1.088,Medium,Lower Middle,10.23,57.7,64.3,25.0,32.0,21079.22,5412.8,563.3,282.86,302.1,88.19,617.86,8.988,7276.1,28355.32,1.6474,25.66,10.252605212000807,234.0,24915.93,160.66666666666666,24084.379999999994
2002,Sylhet,152.0,5440.0,24.62,458.6,459.0,457.143,127.73,35.8,69.9,20.7,12598.0,7.0,11.0,27.0,36.0,42.0,13.0,10.0,9.0,8.0,3.86,Low,1.1049,High,Low Income,4.23,33.8,45.5,7.0,9.0,8057.86,2375.72,233.77,138.4,74.21,43.09,212.8,5.991,3083.99,11141.85,2.0481,27.68,9.318553315590568,113.0,6646.38,303.3333333333333,9748.063333333334
2003,Sylhet,155.0,5713.0,24.37,490.3,187.0,480.084,130.25,36.9,61.2,21.0,12598.0,7.0,12.0,25.0,33.0,41.0,10.0,10.0,10.0,8.0,1.57,Low,1.0828,High,Low Income,6.13,34.6,46.1,10.0,17.0,7350.35,2046.79,185.53,141.01,70.18,42.49,265.06,6.039,2757.09,10107.44,1.7692,27.28,9.221125997438012,459.0,11141.85,253.0,9298.556666666665
2004,Sylhet,176.0,5618.0,25.14,532.6,204.0,472.101,147.9,31.9,70.5,21.4,12598.0,7.0,14.0,29.0,36.0,46.0,16.0,12.0,10.0,8.0,1.71,Low,1.0737,High,Low Income,9.36,35.6,46.9,15.0,8.0,7814.22,2176.66,247.06,109.68,112.07,43.63,223.42,9.727,2922.25,10736.47,1.9111,27.22,9.281494772342159,187.0,10107.44,283.3333333333333,10661.92
2005,Sylhet,181.0,6117.0,23.9,544.5,166.0,514.034,152.1,33.8,74.5,21.7,12598.0,7.0,14.0,30.0,39.0,50.0,11.0,13.0,10.0,8.0,1.39,Low,1.09,High,Low Income,4.91,36.0,47.2,17.0,16.0,9676.03,2792.03,246.91,199.75,170.96,54.91,296.14,5.427,3766.13,13442.16,2.1975,28.02,9.506225705488609,204.0,10736.47,185.66666666666666,11428.69
2006,Sylhet,185.0,5795.0,23.49,607.5,104.0,486.975,155.46,31.3,64.9,22.1,12598.0,7.0,11.0,33.0,42.0,56.0,15.0,12.0,11.0,8.0,0.87,Low,1.067,High,Lower Middle,9.26,37.5,48.3,8.0,7.0,8301.28,2225.78,206.67,127.44,134.35,70.62,250.21,3.928,3019.0,11320.28,1.9535,26.67,9.334439419569716,166.0,13442.16,158.0,11832.97
2007,Sylhet,203.0,6751.0,22.93,638.5,146.0,567.311,170.59,33.3,76.7,22.4,12598.0,7.0,16.0,35.0,33.0,61.0,15.0,13.0,12.0,9.0,1.23,Low,1.0797,Medium-High,Lower Middle,6.77,38.3,48.9,18.0,23.0,10243.82,3150.33,257.85,144.11,124.99,96.59,323.77,9.09,4106.73,14350.56,2.1257,28.62,9.57161392608057,104.0,11320.28,138.66666666666666,13037.666666666666
2008,Sylhet,199.0,7382.0,22.43,672.1,631.0,620.336,167.23,37.1,49.5,22.8,12598.0,7.0,16.0,37.0,36.0,51.0,16.0,12.0,12.0,8.0,5.3,Low,1.0896,Medium-High,Lower Middle,4.2,39.1,49.6,7.0,8.0,6992.49,2064.84,194.28,126.37,108.24,32.78,256.53,11.589,2794.62,9787.11,1.3258,28.55,9.188923662750334,146.0,14350.56,293.6666666666667,11819.316666666666
2009,Sylhet,221.0,7182.0,20.91,721.3,274.0,603.529,185.71,32.5,46.5,23.1,12598.0,7.0,18.0,40.0,48.0,57.0,18.0,15.0,13.0,12.0,2.3,Low,1.0822,Medium-High,Lower Middle,3.04,40.3,50.5,14.0,26.0,6662.35,2184.14,187.65,127.92,85.85,56.96,249.78,9.347,2901.64,9563.99,1.3317,30.34,9.1658648363955,631.0,9787.11,350.3333333333333,11233.886666666667
2010,Sylhet,222.0,7749.0,20.29,852.2,413.0,651.176,186.55,34.9,31.2,23.5,12598.0,7.0,16.0,39.0,49.0,49.0,19.0,15.0,12.0,10.0,3.47,Low,1.0881,Medium-High,Lower Middle,12.28,43.4,53.0,13.0,27.0,5302.92,1418.2,125.63,95.79,84.36,28.39,166.24,7.221,1925.83,7228.75,0.9329,26.64,8.885959736408362,274.0,9563.99,439.3333333333333,8859.949999999999
2011,Sylhet,250.0,8418.0,21.13,855.1,688.0,707.395,210.08,33.7,48.0,23.8,12598.0,7.0,20.0,48.0,47.0,74.0,21.0,17.0,15.0,12.0,5.78,Low,1.0721,Medium-High,Lower Middle,3.52,43.5,53.1,17.0,25.0,8074.27,2340.01,227.86,157.95,102.58,63.86,304.29,4.769,3201.33,11275.6,1.3395,28.39,9.330485061176665,413.0,7228.75,458.3333333333333,9356.113333333333
2012,Sylhet,252.0,8054.0,20.29,1036.1,487.0,676.807,211.76,32.0,70.3,24.2,12598.0,7.0,21.0,50.0,53.0,74.0,20.0,18.0,16.0,11.0,4.09,Low,1.0765,Medium-High,Lower Middle,14.49,47.8,56.4,16.0,30.0,12963.85,3440.3,316.3,267.58,139.52,113.3,320.33,14.292,4611.63,17575.48,2.1822,26.24,9.774316923659674,688.0,11275.6,529.3333333333334,12026.61
2013,Sylhet,248.0,9029.0,20.6,1117.1,100.0,758.739,208.4,36.4,84.1,24.5,12598.0,7.0,20.0,38.0,49.0,53.0,20.0,17.0,15.0,13.0,0.84,Low,1.0823,Medium-High,Lower Middle,12.72,49.7,57.9,19.0,32.0,13269.48,4297.25,349.75,216.82,119.22,103.53,501.9,7.982,5596.46,18865.93,2.0895,29.66,9.845165933022932,487.0,17575.48,425.0,15905.669999999998
2014,Sylhet,278.0,9745.0,19.12,1204.6,251.0,818.908,233.61,35.1,58.9,24.9,12598.0,7.0,23.0,45.0,62.0,77.0,21.0,18.0,17.0,13.0,2.11,Low,1.095,Medium,Lower Middle,11.02,51.8,59.6,16.0,27.0,12748.31,3373.62,333.61,259.85,182.08,120.09,360.23,7.074,4636.56,17384.87,1.784,26.67,9.763413086330484,100.0,18865.93,279.3333333333333,17942.093333333334
2015,Sylhet,286.0,10361.0,18.69,1235.8,186.0,870.672,240.34,36.2,47.8,25.2,12598.0,7.0,24.0,57.0,53.0,83.0,24.0,19.0,16.0,16.0,1.56,Low,1.0836,Medium,Lower Middle,4.55,52.6,60.2,16.0,14.0,9579.62,3145.12,278.92,186.15,167.26,62.41,361.52,5.07,4206.45,13786.07,1.3306,30.51,9.531486475405421,251.0,17384.87,179.0,16678.95666666667
2016,Sylhet,311.0,10896.0,18.2,1431.6,321.0,915.63,261.34,35.0,79.8,25.6,12598.0,7.0,24.0,53.0,62.0,92.0,29.0,23.0,20.0,14.0,2.7,Low,1.0754,Low,Lower Middle,18.22,57.2,63.8,30.0,14.0,18245.1,5532.37,483.46,226.85,288.86,167.89,529.09,10.233,7238.76,25483.86,2.3388,28.41,10.145839829331546,186.0,13786.07,252.66666666666666,18884.933333333334
2017,Sylhet,317.0,11855.0,18.84,1544.5,159.0,996.218,266.39,37.4,91.1,25.9,12598.0,7.0,26.0,59.0,57.0,78.0,23.0,21.0,20.0,15.0,1.34,Low,1.0815,Medium,Middle Income,13.65,59.9,65.9,22.0,38.0,21525.59,6059.48,631.42,306.58,195.5,195.29,526.74,15.257,7930.25,29455.84,2.4847,26.92,10.29068142017652,321.0,25483.86,222.0,22908.59
